route_id,cohort_key,median_margin_pct,cohort_median_margin,pct_days_below_peer,loss_day_rate,tier,tier_code
RTE-0006,Cardboard | Restaurant & Food Service,75.67,78.49,0.796,0.0,Tier 2 - Margin leak,2
RTE-0020,General Waste | Retail,10.38,27.09,0.861,0.267,Tier 2 - Margin leak,2
RTE-0024,General Waste | Restaurant & Food Service,36.39,43.55,0.764,0.009,Tier 2 - Margin leak,2
RTE-0032,General Waste | Hospitality,17.84,31.48,0.845,0.155,Tier 2 - Margin leak,2
RTE-0034,General Waste | Industrial,38.39,48.24,0.762,0.0,Tier 2 - Margin leak,2
RTE-0041,General Waste | Restaurant & Food Service,36.75,43.55,0.723,0.021,Tier 2 - Margin leak,2
RTE-0052,General Waste | Healthcare,37.45,51.69,0.932,0.025,Tier 2 - Margin leak,2
RTE-0068,General Waste | Industrial,17.24,48.24,0.991,0.179,Tier 2 - Margin leak,2
RTE-0069,General Waste | Retail,13.8,27.09,0.722,0.267,Tier 2 - Margin leak,2
RTE-0070,General Waste | Retail,9.73,27.09,0.881,0.277,Tier 2 - Margin leak,2
RTE-0081,General Waste | Office & Commercial,6.81,17.51,0.732,0.304,Tier 2 - Margin leak,2
RTE-0090,General Waste | Restaurant & Food Service,36.31,43.55,0.717,0.02,Tier 2 - Margin leak,2
RTE-0096,Recycling | Retail,63.34,68.42,0.788,0.0,Tier 2 - Margin leak,2
RTE-0097,General Waste | Restaurant & Food Service,37.82,43.55,0.716,0.011,Tier 2 - Margin leak,2
RTE-0108,Recycling | Hospitality,71.52,75.58,0.804,0.0,Tier 2 - Margin leak,2
RTE-0112,Recycling | Retail,62.86,68.42,0.743,0.0,Tier 2 - Margin leak,2
RTE-0116,General Waste | Industrial,39.36,48.24,0.866,0.041,Tier 2 - Margin leak,2
RTE-0117,General Waste | Office & Commercial,6.18,17.51,0.739,0.304,Tier 2 - Margin leak,2
RTE-0035,General Waste | Office & Commercial,-10.61,17.51,0.963,0.776,Tier 1 - Loss-making,1
RTE-0059,General Waste | Office & Commercial,-2.05,17.51,0.802,0.523,Tier 1 - Loss-making,1
RTE-0061,General Waste | Retail,-5.48,27.09,0.98,0.584,Tier 1 - Loss-making,1
RTE-0114,General Waste | Retail,-14.77,27.09,0.991,0.75,Tier 1 - Loss-making,1
RTE-0001,General Waste | Retail,40.46,27.09,0.188,0.009,OK,0
RTE-0002,General Waste | Retail,40.31,27.09,0.225,0.056,OK,0
RTE-0003,General Waste | Office & Commercial,14.62,17.51,0.545,0.193,OK,0
RTE-0004,General Waste | Industrial,48.4,48.24,0.495,0.0,OK,0
RTE-0005,General Waste | Hospitality,32.97,31.48,0.45,0.018,OK,0
RTE-0007,Recycling | Healthcare,79.57,79.57,0.494,0.0,OK,0
RTE-0008,General Waste | Restaurant & Food Service,44.13,43.55,0.422,0.0,OK,0
RTE-0009,General Waste | Retail,40.14,27.09,0.155,0.009,OK,0
RTE-0010,General Waste | Restaurant & Food Service,37.99,43.55,0.679,0.012,OK,0
RTE-0011,Organics | Healthcare,54.3,52.16,0.413,0.011,OK,0
RTE-0012,General Waste | Industrial,49.29,48.24,0.393,0.0,OK,0
RTE-0013,General Waste | Industrial,44.7,48.24,0.696,0.0,OK,0
RTE-0014,General Waste | Industrial,48.62,48.24,0.471,0.0,OK,0
RTE-0015,Organics | Retail,33.29,34.06,0.5,0.01,OK,0
RTE-0016,Recycling | Restaurant & Food Service,77.58,74.57,0.313,0.0,OK,0
RTE-0017,Recycling | Restaurant & Food Service,73.85,74.57,0.622,0.0,OK,0
RTE-0018,General Waste | Retail,36.84,27.09,0.298,0.012,OK,0
RTE-0019,Recycling | Retail,69.21,68.42,0.472,0.0,OK,0
RTE-0021,General Waste | Office & Commercial,31.73,17.51,0.206,0.039,OK,0
RTE-0022,Cardboard | Retail,76.68,75.31,0.377,0.0,OK,0
RTE-0023,Recycling | Restaurant & Food Service,73.06,74.57,0.632,0.0,OK,0
RTE-0025,General Waste | Healthcare,54.57,51.69,0.366,0.008,OK,0
RTE-0026,General Waste | Office & Commercial,23.11,17.51,0.382,0.202,OK,0
RTE-0027,Recycling | Hospitality,75.03,75.58,0.525,0.0,OK,0
RTE-0028,General Waste | Healthcare,56.95,51.69,0.225,0.0,OK,0
RTE-0029,Recycling | Hospitality,76.07,75.58,0.436,0.0,OK,0
RTE-0030,General Waste | Restaurant & Food Service,47.21,43.55,0.367,0.0,OK,0
RTE-0031,General Waste | Industrial,57.06,48.24,0.169,0.0,OK,0
RTE-0033,Cardboard | Retail,75.31,75.31,0.495,0.0,OK,0
RTE-0036,General Waste | Retail,27.67,27.09,0.461,0.059,OK,0
RTE-0037,Recycling | Retail,71.96,68.42,0.297,0.0,OK,0
RTE-0038,Recycling | Restaurant & Food Service,75.89,74.57,0.36,0.0,OK,0
RTE-0039,General Waste | Industrial,51.0,48.24,0.413,0.0,OK,0
RTE-0040,General Waste | Retail,26.72,27.09,0.533,0.086,OK,0
RTE-0042,Cardboard | Retail,73.42,75.31,0.671,0.0,OK,0
RTE-0043,Recycling | Retail,66.86,68.42,0.565,0.0,OK,0
RTE-0044,General Waste | Industrial,54.79,48.24,0.264,0.0,OK,0
RTE-0045,General Waste | Restaurant & Food Service,53.53,43.55,0.083,0.0,OK,0
RTE-0046,General Waste | Industrial,60.04,48.24,0.143,0.0,OK,0
RTE-0047,Organics | Office & Commercial,20.39,19.02,0.462,0.115,OK,0
RTE-0048,General Waste | Retail,31.93,27.09,0.415,0.038,OK,0
RTE-0049,Cardboard | Healthcare,83.65,83.65,0.49,0.0,OK,0
RTE-0050,General Waste | Industrial,47.56,48.24,0.54,0.0,OK,0
RTE-0051,Recycling | Retail,73.15,68.42,0.312,0.0,OK,0
RTE-0053,General Waste | Retail,40.54,27.09,0.12,0.0,OK,0
RTE-0054,General Waste | Industrial,54.76,48.24,0.277,0.0,OK,0
RTE-0055,Recycling | Restaurant & Food Service,74.17,74.57,0.545,0.0,OK,0
RTE-0056,General Waste | Healthcare,46.44,51.69,0.697,0.008,OK,0
RTE-0057,General Waste | Office & Commercial,10.12,17.51,0.627,0.284,OK,0
RTE-0058,Recycling | Restaurant & Food Service,76.39,74.57,0.29,0.0,OK,0
RTE-0060,General Waste | Retail,39.28,27.09,0.264,0.044,OK,0
RTE-0062,General Waste | Office & Commercial,21.51,17.51,0.402,0.112,OK,0
RTE-0063,Recycling | Retail,68.22,68.42,0.5,0.0,OK,0
RTE-0064,General Waste | Office & Commercial,18.7,17.51,0.473,0.187,OK,0
RTE-0065,General Waste | Office & Commercial,33.91,17.51,0.144,0.01,OK,0
RTE-0066,Organics | Office & Commercial,17.11,19.02,0.531,0.156,OK,0
RTE-0067,General Waste | Hospitality,28.79,31.48,0.568,0.045,OK,0
RTE-0071,General Waste | Office & Commercial,22.75,17.51,0.326,0.137,OK,0
RTE-0072,General Waste | Restaurant & Food Service,46.71,43.55,0.321,0.0,OK,0
RTE-0073,General Waste | Restaurant & Food Service,50.25,43.55,0.242,0.0,OK,0
RTE-0074,General Waste | Industrial,43.23,48.24,0.644,0.0,OK,0
RTE-0075,General Waste | Retail,18.4,27.09,0.695,0.137,OK,0
RTE-0076,Organics | Industrial,49.4,52.07,0.574,0.0,OK,0
RTE-0077,General Waste | Restaurant & Food Service,45.55,43.55,0.434,0.012,OK,0
RTE-0078,General Waste | Restaurant & Food Service,39.73,43.55,0.633,0.0,OK,0
RTE-0079,Organics | Restaurant & Food Service,44.18,45.51,0.55,0.0,OK,0
RTE-0080,Recycling | Industrial,75.59,75.55,0.495,0.0,OK,0
RTE-0082,Recycling | Industrial,75.55,75.55,0.495,0.0,OK,0
RTE-0083,General Waste | Retail,23.62,27.09,0.585,0.037,OK,0
RTE-0084,Recycling | Hospitality,78.73,75.58,0.234,0.0,OK,0
RTE-0085,Recycling | Office & Commercial,68.03,69.05,0.56,0.0,OK,0
RTE-0086,Recycling | Retail,69.09,68.42,0.455,0.0,OK,0
RTE-0087,Cardboard | Office & Commercial,75.09,73.52,0.422,0.0,OK,0
RTE-0088,General Waste | Hospitality,31.67,31.48,0.478,0.011,OK,0
RTE-0089,Organics | Retail,35.57,34.06,0.495,0.011,OK,0
RTE-0091,General Waste | Hospitality,44.15,31.48,0.125,0.0,OK,0
RTE-0092,Recycling | Restaurant & Food Service,73.0,74.57,0.658,0.0,OK,0
RTE-0093,Recycling | Retail,70.11,68.42,0.386,0.0,OK,0
RTE-0094,General Waste | Healthcare,60.76,51.69,0.133,0.0,OK,0
RTE-0095,General Waste | Retail,30.63,27.09,0.398,0.065,OK,0
RTE-0098,Recycling | Office & Commercial,70.18,69.05,0.391,0.0,OK,0
RTE-0099,Recycling | Restaurant & Food Service,72.26,74.57,0.659,0.0,OK,0
RTE-0100,Organics | Restaurant & Food Service,46.52,45.51,0.436,0.0,OK,0
RTE-0101,Organics | Industrial,53.29,52.07,0.409,0.0,OK,0
RTE-0102,Recycling | Restaurant & Food Service,75.07,74.57,0.441,0.0,OK,0
RTE-0103,Recycling | Retail,69.22,68.42,0.444,0.0,OK,0
RTE-0104,General Waste | Retail,25.81,27.09,0.51,0.03,OK,0
RTE-0105,General Waste | Office & Commercial,13.5,17.51,0.617,0.2,OK,0
RTE-0106,General Waste | Retail,33.32,27.09,0.252,0.019,OK,0
RTE-0107,General Waste | Office & Commercial,31.26,17.51,0.205,0.008,OK,0
RTE-0109,Recycling | Office & Commercial,68.21,69.05,0.537,0.0,OK,0
RTE-0110,Organics | Healthcare,50.33,52.16,0.573,0.0,OK,0
RTE-0111,General Waste | Office & Commercial,25.59,17.51,0.33,0.046,OK,0
RTE-0113,Cardboard | Restaurant & Food Service,81.32,78.49,0.2,0.0,OK,0
RTE-0115,General Waste | Industrial,51.71,48.24,0.344,0.0,OK,0
RTE-0118,General Waste | Industrial,43.94,48.24,0.667,0.023,OK,0
RTE-0119,Cardboard | Office & Commercial,72.63,73.52,0.566,0.0,OK,0
RTE-0120,General Waste | Industrial,53.87,48.24,0.306,0.0,OK,0
